From,To,Cost
0,22,9.017379992795112
65,0,7.360542021073633
0,72,5.412990085478193
0,45,8.633929138964266
0,74,2.6565221908240613
0,9,2.4772073387240265
0,61,7.074507641940556
0,26,2.037250641329751
0,93,2.077800084227107
0,13,5.062404961018404
0,1,9.71095686993824
0,77,7.686005627961666
0,79,4.361281261084099
0,82,4.504588795141976
0,39,2.089664050596071
0,7,5.915703386144283
0,94,3.8581444135869463
0,35,9.57336734651194
0,29,2.566677082937844
0,36,4.509794444249529
0,27,2.9249633548164393
0,30,4.910069965601771
0,96,6.636981519942121
0,46,7.430362612062829
0,50,1.2343192024288452
0,84,7.4188685713498534
0,81,8.670149254306608
0,68,7.569782470568283
0,75,4.256244947659861
0,60,7.779748327509589
0,47,4.754237224900148
0,66,5.178892349911891
1,5,6.0993839974677
52,1,9.03785008903342
1,54,9.575787408607475
1,57,3.4454705246633455
1,2,6.930123764732278
1,87,1.3339926931964696
1,74,3.892097920055539
1,82,5.555878783877167
1,28,8.98064412081542
1,52,1.1100420962507895
1,13,7.538984041010412
1,30,5.817635736297965
1,32,7.197631363344789
1,96,4.706896872051378
1,7,1.8017497689729052
1,31,5.617671693011164
1,11,5.277291380048327
1,72,8.954342303833524
1,39,1.4448007135411445
1,89,1.3278976528239383
1,94,7.130214125915173
1,33,1.6309244314361857
1,63,3.961303563981133
1,18,9.68281897723651
1,51,1.0956885874742182
1,64,8.119185821106864
1,19,4.11175451347762
1,66,8.027474495484292
1,65,7.223730284309708
1,99,7.519600698976554
1,21,5.474595451839968
1,15,6.751469748719046
2,9,2.3760011831166166
36,2,1.7899563933301605
2,82,2.306085789666996
2,21,7.551559189060432
2,90,8.33648642232452
2,78,4.345111840285872
2,34,9.343230818131488
2,74,8.710286731625828
2,55,6.745034687167964
2,7,2.1855982923375716
2,5,3.3225987655040137
2,93,2.755753703377273
2,10,1.1964214065000633
2,16,3.2893402763378816
2,75,4.108737122098281
2,66,1.6934762901780682
2,41,3.4671558336130492
2,57,7.148050267234881
2,23,9.66771198349004
2,91,2.766467189587825
2,94,9.860991602616448
2,63,9.716436218712667
2,39,8.520696750722404
2,59,2.0529886147898853
2,50,2.906657747767072
2,79,1.9509824536924953
2,73,8.107320270453155
2,11,2.7817073957580547
2,27,7.394482446734053
2,32,4.336577418684039
2,30,9.45034970794506
2,60,2.0858810961832015
3,19,1.4181751050904061
98,3,2.3189742090036742
3,57,6.996508189182263
3,36,7.346124698362841
3,88,1.544943101950674
3,2,5.951048687245082
3,50,4.647190018376657
3,93,1.2525297014922792
3,60,7.852718263932992
3,54,8.94342147274026
3,53,5.807757856483979
3,32,2.056391878042316
3,67,6.366784551188802
3,82,1.5408555126573167
3,16,3.267768004201503
3,46,5.979018299786108
3,48,4.5885890256389885
3,62,9.116567652213217
3,89,1.8715730192174074
3,20,7.356079566791951
3,87,9.132730456219575
3,78,1.9763859257112544
3,10,4.047163576198426
3,44,6.1144731852352665
3,73,7.741367586503001
3,95,7.242988978600826
3,71,1.8551593742380206
3,3,2.1661031902818912
3,91,4.850337684513745
3,7,3.692715348430963
3,80,5.930212492096402
3,4,3.384243115607557
4,23,9.964959862752028
27,4,6.540081493885312
4,41,6.2621683821285075
4,49,4.094642449525562
4,52,2.4714092993992947
4,46,3.8319224254246826
4,97,5.374602497527027
4,70,2.254323472952722
4,76,3.0398632460693076
4,45,4.369239519201132
4,32,4.776844804230059
4,17,3.0500799234519995
4,47,9.989664320600118
4,64,6.6016338403480095
4,29,6.525479516463271
4,98,2.2005807935269894
4,43,9.730574139013305
4,92,9.894688058055824
4,5,5.078174180488443
4,22,4.676183074811988
4,39,5.686395531471934
4,84,4.5203917089221815
4,72,1.1176032809387286
4,53,1.8767664689895485
4,27,4.297021089079266
4,50,9.650023813827277
4,51,6.580778052777715
4,69,4.255743288505499
4,61,2.442856021930653
4,74,3.9088923429552067
4,63,4.234905171340909
4,0,8.775584231284002
5,1,3.1646196603729537
64,5,7.16005005702931
5,94,5.7675367102867625
5,87,5.151731891769863
5,97,8.487347402463193
5,16,5.903415243978643
5,29,1.7350813445719702
5,59,1.2080041789374298
5,93,1.759799751042345
5,83,3.4441728775619658
5,41,8.97752636699632
5,17,2.926686370060924
5,4,3.1988851974173915
5,95,3.889009203625834
5,84,8.090814312831869
5,38,5.053021044404497
5,32,4.138603324300409
5,74,5.1724319372150545
5,89,5.12503402503346
5,82,8.83777945747082
5,67,2.0745156907072384
5,15,4.972383184847962
5,12,8.964649163536363
5,99,6.691909060364541
5,33,4.113438701882243
5,44,9.824677510211162
5,58,2.1465527002257154
5,68,7.383765947435599
5,9,9.631395019661284
5,26,2.6836726359856184
5,72,8.14945044769911
5,52,5.933227909017381
6,67,8.034211060044006
45,6,1.9119700338398253
6,70,5.717037045507624
6,61,9.35571772246691
6,30,5.731456512400022
6,94,2.9120340052411158
6,38,3.4136416288311238
6,66,8.71391103926829
6,64,6.045968707910653
6,3,2.525306371409367
6,45,7.665674096000065
6,92,4.002511002114495
6,23,6.648666827724771
6,43,5.399689189676485
6,58,4.444862273988302
6,79,1.3066791916412208
6,4,7.784793003671067
6,31,6.298256464437951
6,87,2.898656845558019
6,60,5.248110892662664
6,11,8.90968078677551
6,26,3.6593479630466588
6,0,1.2913654413066535
6,9,7.198443744408811
6,80,1.0467705041201063
6,48,7.0903702270236835
6,21,6.021808076365017
6,49,7.780857532633036
6,2,5.074353012083227
6,40,2.714454624874585
6,55,8.946929925177265
6,73,4.181615187741301
7,18,9.768065712910909
76,7,9.257063753160981
7,48,6.036437441982512
7,60,8.520143838455118
7,7,6.6134568925780455
7,22,9.158860005938507
7,12,1.6410511075318222
7,59,2.411328379293917
7,82,8.335481265179498
7,79,3.887677491606615
7,76,7.593984063680673
7,78,6.95140710911849
7,2,3.889810737447908
7,6,4.26962620880926
7,39,4.6352542280808535
7,37,6.812240555869678
7,16,2.5472271163552445
7,73,7.47367693619468
7,99,8.753372338486404
7,61,5.032181809342806
7,34,2.716370377315689
7,69,7.31737202852071
7,43,5.216158762688592
7,93,8.991545666129522
7,50,6.059158837434898
7,64,7.096166475886637
7,97,3.1732532746952846
7,0,3.2395670591293717
7,41,8.691097574390133
7,32,9.758210419563689
7,18,7.355001855527708
7,23,6.821334017858954
8,66,9.979169766098176
89,8,6.826624663806485
8,23,3.0313119510011566
8,14,5.414627138609108
8,12,4.019023213025385
8,53,2.946258459232338
8,3,5.747740872916844
8,63,9.202366932636458
8,36,5.834133050053547
8,4,2.3441652725574347
8,62,7.475912436246596
8,46,3.250499373733184
8,26,1.2161589809877857
8,47,3.8295458027560465
8,39,7.916310487103181
8,57,8.969767458321986
8,8,5.76863731135138
8,41,8.910936149402197
8,27,8.844300162805958
8,65,9.931944400164554
8,64,5.160989013294067
8,95,2.7187627650355046
8,24,9.617381592986206
8,84,9.010751690746309
8,76,5.920539851885671
8,88,4.5814378191151715
8,2,5.110398712954137
8,20,6.423774862731383
8,35,9.285184493615795
8,29,1.1369682309700004
8,19,8.809350482491187
8,99,9.150954193117862
9,69,9.19727248159953
69,9,9.408120456247193
9,62,9.387849499185002
9,6,4.787103346213277
9,94,7.15125816583482
9,39,3.403502515455812
9,23,1.8039042678244086
9,71,4.934318893684031
9,57,4.653929251829615
9,68,7.497475962224289
9,81,6.796496129178092
9,95,1.016490540556058
9,13,3.2505926358509734
9,40,7.59487811515238
9,27,8.30754323834549
9,29,6.7737371724874125
9,85,8.991538214077499
9,2,3.2151515016194883
9,1,8.607043612079913
9,61,7.422006383930588
9,87,3.87639440132281
9,74,3.3866391737715373
9,67,6.6083506798056035
9,79,9.208461290144298
9,5,1.7013344578035405
9,73,5.942983033801941
9,64,1.9343781862767546
9,65,9.864324623060716
9,8,5.078298118619397
9,26,2.5965579820453395
9,32,2.6860611462165314
9,37,7.670900308757038
10,68,4.672856133841428
90,10,1.8280463262464388
10,35,6.997962854424722
10,36,6.5453154659893515
10,61,5.324556974618444
10,23,1.574655265281078
10,38,8.939102250981279
10,57,1.4606060799660445
10,42,3.4024580579342563
10,43,7.935649657604295
10,65,7.257476720829926
10,66,8.516327555270987
10,75,3.4573115865676214
10,52,9.513465521859391
10,68,8.888786823703803
10,13,8.97790371025419
10,27,9.963770074688275
10,33,7.2915331504047
10,47,5.250663715419353
10,72,2.1467476522506628
10,79,3.3892903453440244
10,91,3.6614230549587075
10,6,9.36142814135894
10,97,2.261566069055344
10,15,8.653444644128996
10,17,2.7345637396526192
10,9,1.6796373485284117
10,51,5.217865645550785
10,89,9.066675426085236
10,95,6.878553331531468
10,92,8.322369719178436
10,0,4.3821339708440465
11,0,8.018739612071894
80,11,4.233381589154652
11,63,6.024367866529676
11,34,5.544532867198146
11,87,1.3420980719750664
11,3,4.559291883072711
11,16,2.276965773966729
11,64,2.577148111188797
11,66,7.7553323126166305
11,94,4.235592449228619
11,2,1.3910766295714498
11,54,1.2358668253121838
11,81,7.706143369310277
11,15,7.252797699363539
11,45,9.624936159666083
11,20,9.278418681777817
11,8,5.8276853543443
11,51,1.9452074536732678
11,55,1.1963996284257092
11,40,5.213280324081614
11,77,2.1227366279655295
11,98,3.6759804533594957
11,84,8.087195140260267
11,44,5.623093457633925
11,36,4.220653863197381
11,11,2.3609523635062715
11,57,9.322677896231093
11,43,9.459223542950477
11,62,1.5334905407849506
11,59,9.67399442142918
11,42,3.0829301131253177
11,47,9.745955746948885
12,62,2.990266578732452
42,12,6.490640303114174
12,88,3.3756402851801663
12,64,7.926108626854551
12,51,4.545685439875726
12,43,8.251561376548631
12,60,5.119922617427711
12,76,1.8872911737306692
12,52,8.826904005845398
12,16,9.439673437308468
12,90,3.784160386035947
12,49,5.368274059860625
12,47,2.903048940473256
12,7,3.9874829464408337
12,44,8.338401409012363
12,89,6.073100214745019
12,71,3.6292715339392303
12,32,4.468944800945553
12,30,3.060518044760533
12,87,3.6321228796652347
12,81,5.592483155814592
12,36,7.245061678549988
12,55,6.159318729059277
12,84,1.258607724053766
12,18,7.806995015213467
12,20,6.013006332942933
12,95,2.601853918303668
12,21,9.437327616016
12,10,8.132480919089442
12,2,7.350455137065829
12,58,2.914629788862044
12,96,9.15097214269362
13,83,4.503219279400463
56,13,9.889775277675156
13,50,3.3941945263232625
13,17,8.89310095695716
13,23,3.5495052798929967
13,99,9.06407346784496
13,1,2.1295716698608427
13,62,6.187376617738619
13,36,2.2328324940924036
13,27,4.854223307220291
13,22,9.468583034631338
13,37,2.2462917987697626
13,43,8.308343076779101
13,25,1.272269934545628
13,40,7.744569442871169
13,94,7.782324621163088
13,89,7.2455118152294204
13,96,7.565372185432832
13,8,8.186228927513696
13,18,4.351176036483977
13,21,4.431556188180403
13,60,3.6045144498869144
13,67,2.8291967858989078
13,14,9.249613166114692
13,52,5.687971537120008
13,35,1.4843375885863488
13,59,3.7393812244280857
13,4,9.279922389256159
13,28,1.40093259159146
13,64,6.703954297187925
13,91,2.5380944457426113
13,83,6.811698738221135
14,93,1.0910908524188878
17,14,3.4853222056310096
14,66,1.557180483203974
14,44,9.975286260922307
14,17,6.117727693291696
14,89,6.556364854357824
14,36,9.076041761015416
14,71,6.800402113096458
14,13,6.328619397458479
14,60,1.1459276770152322
14,26,1.0299626097603762
14,28,7.085774195504436
14,84,7.225760296580646
14,94,4.57427113449079
14,23,1.7738365452384368
14,87,6.121102856536748
14,48,9.551250331134009
14,92,9.626510666222932
14,21,4.719594997872951
14,4,6.387254245282404
14,51,8.899268144509897
14,7,1.775280330696713
14,79,1.968209833655184
14,33,5.204039611881521
14,0,3.900920500097879
14,61,3.014677718308268
14,6,5.262515461151932
14,34,9.873970121867675
14,74,5.688933844090919
14,85,9.040252273474742
14,19,6.305299977509793
14,5,3.5736774800545437
15,65,2.0961245937532933
35,15,1.7376617270046268
15,49,3.6301898086832614
15,48,9.94052499255803
15,20,2.1999690920484256
15,58,2.183895790036797
15,8,9.365383636167003
15,65,8.17734458189041
15,36,7.050250309129171
15,45,6.62380643976783
15,16,2.5096119285297673
15,88,4.234811296209099
15,37,4.38120848690387
15,33,2.160075340686778
15,64,4.9781587067482
15,11,6.252507302162636
15,92,6.535977813246339
15,13,6.3562758336898595
15,55,2.0978076700092605
15,60,5.687408863501241
15,68,2.182025227240979
15,74,6.224439517490261
15,30,6.762749544906288
15,85,9.489636231881203
15,50,1.5940731329011835
15,40,9.569138774013481
15,41,6.630998087196378
15,54,4.349715627026329
15,43,7.136661058634218
15,27,8.142301850353562
15,42,8.782896695925363
15,21,8.897410359044017
16,43,6.235881701188469
6,16,9.847528034623744
16,27,2.78173185489963
16,74,1.593984281458772
16,98,4.2888079027500545
16,53,3.613358028072935
16,45,8.447914803749157
16,1,1.1547109576224677
16,19,4.5437185067748365
16,22,2.401187240044033
16,86,2.0096545467242497
16,41,6.415475113724552
16,31,6.5213216375151095
16,93,4.055712982178875
16,66,7.56575273986222
16,96,2.8273624643869044
16,75,6.775351910835679
16,67,2.819396906863187
16,90,3.4450986383258897
16,33,1.7980305095088864
16,42,5.004947522400183
16,10,5.23372550363368
16,94,1.7997531130621405
16,73,6.154961273812742
16,59,5.133793982026171
16,14,5.081466657870407
16,79,5.505670620582186
16,89,1.8521410674547116
16,99,4.93786027580347
16,82,3.779873161850095
16,7,5.756463143454006
16,85,8.659299768929221
17,30,1.4826371288473548
98,17,5.756601097742521
17,33,1.0407025955470401
17,99,4.604128967829395
17,14,7.461850128056744
17,25,2.38282009850404
17,47,1.3275960677670267
17,29,4.9370297187315915
17,76,3.6347665034793675
17,8,7.066274355792886
17,26,9.701117660731489
17,27,8.759706073767024
17,80,5.259929603934492
17,94,2.74883197188821
17,86,9.54999498873191
17,92,2.8897389166757548
17,52,8.435326537161314
17,97,1.4875360954612562
17,6,9.19550843250925
17,57,8.692475566655919
17,15,1.998290631718301
17,53,2.040502039529879
17,69,9.77193553975021
17,64,2.154932359879357
17,45,3.9788471936736673
17,16,3.7454108772875907
17,40,1.7140854607543285
17,67,8.459847053545097
17,90,7.011199102743444
17,44,9.708405041527957
17,46,7.270248700180412
17,22,6.60452538683971
18,98,6.641169272550837
8,18,6.977157731750062
18,30,8.725820745950797
18,60,3.7716152930364553
18,35,1.3291893567105837
18,45,6.5247753808052265
18,97,2.4377467530705834
18,83,4.898533235871838
18,42,9.772912901085217
18,0,3.414125355914682
18,82,2.135967652110701
18,47,8.466713670268394
18,8,9.416385928116721
18,98,2.26691786340832
18,81,2.28866503214456
18,31,1.6669061936531848
18,70,6.087695498613191
18,2,2.3503176897006814
18,50,2.0675922897058494
18,49,5.903653820238652
18,16,3.4076330785912425
18,91,5.367092467723131
18,66,4.9851045335192605
18,89,1.3186669099522526
18,61,9.198052157898026
18,34,4.498162715765654
18,21,8.879223188906739
18,92,7.230307748294919
18,17,1.2083972158136829
18,27,1.13182976567376
18,51,3.360720991949109
18,53,9.845922987857236
19,95,9.744528137718891
49,19,6.317921500785209
19,97,6.950842065532864
19,56,4.656591461077536
19,44,9.2362813293819
19,2,7.2688212597607915
19,42,9.95488983073728
19,37,1.7778764396035185
19,1,5.165220415258841
19,69,9.144566941775892
19,36,1.9347813302853647
19,77,7.9717957155038635
19,57,7.927083755539151
19,84,3.297635590363728
19,26,5.239076715965238
19,30,8.790409821355876
19,45,1.957126895381549
19,48,1.8681876521720702
19,47,9.50952873768899
19,0,8.238941547810285
19,27,3.078259692254883
19,35,4.4809673466031965
19,89,7.789619416037694
19,39,1.2192335181166762
19,21,5.964472802198857
19,46,7.49966407747375
19,82,8.481335802948337
19,60,2.641244187540526
19,49,5.694512978167619
19,22,4.365590320068468
19,32,6.90247515488211
19,14,5.105807554032461
20,4,5.9166351657929
70,20,6.864732676378322
20,82,4.859783844010481
20,5,6.936913693385346
20,18,2.2285340288445017
20,11,8.738868590564632
20,49,1.7965402244972744
20,50,7.431408294200324
20,8,5.225989835936903
20,93,4.45645248168338
20,89,5.162278227129228
20,86,3.067475861940705
20,55,9.461142109431695
20,38,8.223695336219265
20,10,6.006285655698725
20,24,7.903442183198364
20,77,8.320255982937448
20,90,9.262035842887297
20,44,8.556684002430655
20,33,2.347451546901583
20,56,2.8439560560056627
20,45,8.682094642974924
20,68,8.746752312729065
20,88,9.327529614990532
20,14,9.213701178512682
20,35,8.379638730700236
20,85,2.0846540027875706
20,13,4.057267928285372
20,75,9.231375591738075
20,63,4.1176131251462955
20,72,9.154904139340406
20,83,7.284730091521443
21,45,6.7938815303090045
97,21,2.238909184131709
21,68,8.840372804991253
21,49,7.0803270958466085
21,87,8.855457501855163
21,26,7.666858124657651
21,4,3.4636663770886322
21,93,2.286739366730016
21,90,2.494771476377945
21,21,7.550909711231538
21,75,1.6815696962561606
21,50,2.674470322235249
21,70,7.7768476230117285
21,61,4.028270386560611
21,91,5.190363492568879
21,19,6.442828483195267
21,94,2.5917975881094244
21,74,7.087587016574895
21,43,5.313833988138985
21,73,9.336636494988303
21,54,5.9542004103288875
21,15,8.82278904762231
21,39,4.535613168848908
21,57,1.520897255056132
21,79,1.4570413996499614
21,72,3.2725758272663112
21,81,6.1820328557792745
21,16,8.219195705399358
21,77,9.053721490779829
21,9,3.3216935665096257
21,17,6.049533133926613
21,56,2.2405145268587123
22,17,6.060627721559095
89,22,7.481304604401195
22,64,8.826884554074537
22,65,8.982189263812533
22,32,6.323238784937277
22,0,4.411240283296041
22,87,7.8342555025700396
22,16,2.849520792923453
22,4,9.188709901295665
22,23,6.301192863260413
22,98,2.07825360774679
22,74,1.6854973738280226
22,79,4.556438238858012
22,81,8.850617093261832
22,10,7.80733534727909
22,53,9.491689554606747
22,20,7.571020824712905
22,3,2.7339148001788316
22,69,3.888428810918082
22,94,3.0777290014963428
22,92,7.824400760098528
22,73,3.6537622369835816
22,27,6.924755048210076
22,34,8.366767768079896
22,42,3.589042753899544
22,46,2.4676303537324267
22,39,7.266965855057778
22,30,8.183420400396631
22,82,1.9803524542516446
22,24,3.572170865398718
22,11,9.043753366882857
22,62,1.4792893662914068
23,25,9.813363072743451
44,23,8.23127362060537
23,9,3.5477177276641916
23,24,9.58268548012403
23,4,6.7619683345884685
23,30,8.89244845706375
23,87,5.842092262128211
23,19,2.594866330561202
23,53,7.274748040255724
23,73,5.405672863853267
23,34,4.3639302691968
23,58,2.8563029650399483
23,33,1.616129657867907
23,74,7.9311608630191985
23,92,4.371742437610127
23,97,4.001976418295069
23,0,6.41150152672849
23,75,1.4558244018144384
23,80,5.9151306508754695
23,12,4.839527896483607
23,35,4.606503654061139
23,31,5.014616718080367
23,3,6.6972994628216425
23,77,3.8214297278370952
23,55,6.656763434234071
23,70,5.160630093997343
23,18,7.5492008392622205
23,29,7.498349264386688
23,42,1.8466845083253862
23,61,8.769500289928658
23,59,7.754106056028991
23,40,5.461699173225244
24,90,5.722781190157228
8,24,6.3838855729707
24,61,9.592062076967311
24,77,5.198469585724472
24,60,9.295085893422092
24,29,7.549022796223029
24,14,4.284860596541936
24,21,4.415202764108065
24,31,5.2711018388745305
24,93,4.232354050131951
24,58,9.330096618910137
24,81,2.877568644240253
24,44,7.865258651936737
24,50,7.205915592713686
24,64,8.809928851249762
24,52,1.543015218549283
24,73,4.483639578104177
24,22,5.099658493359224
24,68,1.307272920091837
24,11,2.4338093807023355
24,12,8.566859897489216
24,56,3.0733215842839026
24,59,9.003925294272001
24,85,6.284720866271125
24,7,4.877744214873011
24,47,4.11924385877713
24,82,1.1797398144096154
24,62,3.8787316937840273
24,71,7.468647448996609
24,55,8.613733344630434
24,46,3.2427580319200486
24,25,8.204942132851972
25,86,7.890430393692764
70,25,1.817968094308926
25,1,3.0959776651946953
25,5,9.886843674383393
25,51,9.592322281595797
25,43,6.1986081555078405
25,16,8.658063937798525
25,61,5.641707964056765
25,55,1.0746562929437675
25,59,7.7534613089696105
25,73,9.231041318594546
25,92,1.634316473664942
25,74,7.605069561208017
25,21,8.852924554105957
25,37,2.7590795351255855
25,28,8.228126854987064
25,9,5.06065348821658
25,8,8.801736757436357
25,19,7.317505116362202
25,14,9.90330988269983
25,82,8.752323388487943
25,95,2.4594682136051977
25,67,3.3393861617684673
25,57,1.5456901626418067
25,45,5.924766581057468
25,78,8.332804349821341
25,26,4.973970686492794
25,72,6.494855006747405
25,31,2.4948141698118613
25,15,3.0564540524992703
25,83,4.7850991910903415
25,46,8.387953115149223
26,47,9.555962109690434
53,26,9.398848558352537
26,63,5.580735021306098
26,14,1.6740145418458465
26,18,4.843402600638984
26,16,9.8833392077694
26,66,6.508207451843464
26,22,3.698746034898397
26,69,5.003266413560787
26,2,7.37035441515121
26,60,7.679068802588404
26,47,1.357481917884521
26,75,8.029542162321743
26,36,9.80113368706645
26,9,6.256614064312283
26,33,6.396778153107433
26,8,9.540689463392068
26,13,1.7856434673795205
26,31,5.811899199853114
26,46,8.972313069699071
26,27,7.993526570344107
26,24,2.96378662228996
26,93,9.854060744860252
26,34,7.411123057181239
26,25,4.374314701448434
26,1,2.7487675638434244
26,19,9.510272615335568
26,84,1.3185204984620849
26,20,1.8241705383633504
26,82,7.968506269293173
26,51,4.062107752497749
26,29,3.983627347851398
27,28,2.9943413523700277
16,27,1.8009870368973493
27,67,8.670846931930189
27,83,2.178006918784342
27,30,7.791783606173681
27,2,8.269872642919804
27,11,4.308355393570329
27,95,2.802273331178098
27,90,6.6815816547810964
27,64,8.123451971292944
27,3,1.9735374413590208
27,17,4.40373550371515
27,27,6.08915925320091
27,38,3.1000805008487444
27,16,2.8800078565511
27,25,4.258750852820228
27,93,6.7631973601042485
27,43,6.7731171725679795
27,8,3.634614024867047
27,75,6.298929819157766
27,86,1.2455354093273259
27,72,6.041212110343318
27,42,9.714144964186103
27,36,6.523947001825914
27,12,7.529483244507137
27,82,4.876880251557671
27,85,9.331630693457486
27,92,8.789112538136607
27,49,7.119507606353812
27,54,1.9032370653045274
27,9,6.038550409153324
27,39,2.0033018719686013
28,51,4.47888344166646
57,28,9.512226478369733
28,95,7.545207751255868
28,93,3.7955177466990278
28,84,5.43224735488954
28,26,3.0551771183185483
28,58,1.5752025904783982
28,82,7.383138504404947
28,14,5.695863014006116
28,66,1.6423024909831918
28,74,7.384132149559078
28,91,7.903685853539027
28,97,6.447172250601509
28,70,8.715851945125031
28,47,4.075684208233215
28,12,7.806980631929057
28,63,6.486084373252878
28,35,9.01201845582679
28,59,1.2640787087729242
28,57,7.850851893552107
28,34,2.9356236997246943
28,39,8.970302683477687
28,51,7.195695620437929
28,10,1.1272307670550927
28,53,6.393730759974608
28,2,1.7063129983162053
28,71,4.865073368940304
28,77,8.379917749887799
28,55,2.2213337034241887
28,96,8.754732344745292
28,72,8.714343921821783
28,17,6.140640889551871
29,38,9.903582263241624
12,29,9.834036893064562
29,30,4.842270274760088
29,51,8.9555627813095
29,72,8.054413410292952
29,63,5.09735337883676
29,22,1.781345814382828
29,47,7.376608844965066
29,86,6.5564262056610385
29,79,7.3022825553585
29,45,1.4404396751045732
29,42,9.880258641948565
29,69,6.810554829194651
29,91,6.023290992905311
29,5,2.965511881431898
29,19,4.107668441234475
29,92,6.210916630196873
29,16,5.573327265465812
29,97,5.493045631948467
29,11,7.419118867929714
29,89,2.343844538173345
29,31,6.103249535423948
29,61,6.503563070498256
29,21,6.452861205566684
29,66,6.6770414008191645
29,26,8.643551545444026
29,8,1.5165166228963467
29,33,9.527272470726345
29,70,2.7933201972393755
29,96,6.218404666035429
29,74,8.663746655306536
29,93,3.793001045538321
30,26,5.751725645755192
83,30,8.365350604634894
30,65,2.559596143864298
30,55,8.646056084171889
30,21,5.7029056208609905
30,41,5.691265962398841
30,40,4.110656494024852
30,87,8.370617466399779
30,61,3.85095219729856
30,63,8.766627012095118
30,98,5.835356625498102
30,71,2.2569330541665087
30,36,8.376698062345074
30,90,1.189264708913245
30,47,3.1588767780068534
30,88,3.848234904891882
30,99,6.5930369435923755
30,23,4.265510766804702
30,43,6.662988133232387
30,66,1.1297557483030383
30,68,8.702764941106196
30,2,4.173123695739719
30,57,4.386255097871037
30,11,7.555387435809893
30,52,5.001268152147703
30,7,9.492857054222148
30,8,8.629104898919032
30,42,9.312792097720966
30,60,6.677219692399337
30,30,1.7390636406706286
30,93,5.048353889111101
30,25,5.2751062365071055
31,57,3.0685431354952835
43,31,2.0887175051796407
31,86,2.4132760229503365
31,25,7.6631326150144705
31,56,2.6974382565744195
31,77,3.595223222153342
31,98,1.7588592251934854
31,21,6.7445493921400566
31,88,3.6579074141851122
31,74,2.7403568274041996
31,83,6.808886400934038
31,22,7.449015834980246
31,0,4.313857984086679
31,35,1.6305215481094306
31,49,8.364502249645298
31,76,7.115299130137662
31,36,3.606072570165444
31,47,3.6431921499378306
31,96,6.648876111341306
31,5,1.5969611110487678
31,93,6.222321050404694
31,63,6.262475496065064
31,69,7.3069928783591696
31,59,9.076451235903365
31,29,8.81279516027392
31,27,3.062487926836298
31,13,9.814342916707295
31,24,7.927938434598953
31,38,2.616097784575903
31,57,4.8691158690589305
31,64,9.737230760071732
31,39,1.20245166080861
32,21,4.3848840387389565
39,32,9.775753576447034
32,80,6.035473244990368
32,47,5.445510400717075
32,94,6.0993306084077865
32,95,8.001935427881794
32,61,7.083879419723566
32,86,6.6906743452272295
32,30,3.8705170654636216
32,31,6.101381014749205
32,57,3.608171095981736
32,12,5.229795847802765
32,84,7.131468047064056
32,72,2.1063898842159245
32,51,4.115687886806008
32,40,6.005365664079402
32,16,9.718233929873039
32,3,4.222576890542908
32,1,3.0791737002971544
32,29,1.4602169011332482
32,43,2.113538838412979
32,19,2.5993083257721006
32,20,4.721083242958513
32,37,5.3312066004495104
32,97,8.663472343195664
32,69,2.100975310254788
32,78,1.4516095016387158
32,87,8.946160533563898
32,60,9.19049478261914
32,71,7.028619200806568
32,34,3.9252769341442573
32,17,8.872877468062718
33,26,6.374741317550987
73,33,7.490436447268513
33,72,5.569094950957235
33,62,5.300491881467707
33,52,3.4149228077151896
33,77,7.344171265162966
33,79,7.802653999196684
33,65,5.654991797453896
33,18,2.2944802638448714
33,33,7.707689250708632
33,49,8.143024494489776
33,69,7.156259491992741
33,61,6.156034460344393
33,37,6.848283663147792
33,8,7.526890735466347
33,23,4.324350093462401
33,68,5.8312876841199595
33,67,3.7645051557335285
33,31,8.961244345568018
33,30,2.1178974158260244
33,9,9.684046004587467
33,92,1.0353584125437474
33,4,3.108298648163799
33,53,9.960465153100268
33,41,8.265433674590943
33,73,7.414321477550378
33,75,7.083990949794763
33,2,9.18159848488181
33,63,8.627713627299677
33,93,2.872829277598945
33,83,8.031559695226367
33,99,7.832844153576971
34,47,7.0447193362681935
16,34,8.258013830752272
34,39,7.134615961098472
34,32,6.40644992427273
34,21,5.72635659897027
34,97,8.595743499285899
34,48,2.601377356848317
34,80,4.931238378736033
34,81,6.745724185731688
34,75,2.276719386826189
34,55,8.694242301978644
34,73,2.5165160133015165
34,84,8.456277191556616
34,71,4.376397270457533
34,44,1.7267196491322818
34,54,3.9098715570287146
34,15,3.72840499541509
34,11,6.63360055356384
34,61,2.7541381257556643
34,69,9.295518195905592
34,93,4.6789423493701605
34,5,2.6955688520356422
34,78,8.80226085900069
34,65,6.869025836327246
34,92,7.72759671630811
34,57,5.655952337326415
34,62,8.690724505093968
34,85,2.0882933672247073
34,12,1.8287988828339783
34,58,8.5396571435267
34,17,9.137991250200988
34,42,8.40393254551034
35,23,8.35482962855845
61,35,4.914188454968915
35,34,4.463694376779653
35,83,2.8917379835698345
35,6,1.0084591681316204
35,32,4.6537981494720935
35,5,5.782800179667621
35,25,1.6881347248670862
35,26,5.16884093252022
35,56,5.1962942714792675
35,61,6.123560584405752
35,48,2.9175964140540116
35,40,1.710943145838344
35,74,4.384401748590758
35,0,5.015665111659979
35,14,3.8393964884028815
35,36,6.08202237360693
35,81,8.521646272664787
35,68,9.86834465237775
35,93,4.225569302157515
35,58,8.707765174464914
35,77,3.7355524262108357
35,59,5.979588276591412
35,50,1.7938233227044922
35,1,2.872735168160256
35,3,7.438901162730037
35,24,1.1329383330013265
35,65,7.9982472336746255
35,8,7.137199676993638
35,11,4.493172967588494
35,54,7.152321232996746
35,42,7.552995089747346
36,37,9.169834484357994
13,36,3.8040199578456364
36,43,2.213203712441961
36,89,7.346527578066232
36,88,5.043483638839327
36,5,5.688876230859075
36,6,3.2461896414845137
36,36,8.535044804139169
36,22,6.772930034635396
36,65,8.642367971795405
36,87,7.823924130313689
36,70,5.2318917054951095
36,25,1.1738350684277163
36,64,2.568478864542012
36,35,1.4771567509521026
36,39,5.134229901741131
36,21,6.316491345577017
36,34,2.052932913857454
36,56,8.192034789129266
36,81,7.7125780379848505
36,77,3.673048099795559
36,12,7.375722821696654
36,7,4.654279319057414
36,54,3.2332062243526254
36,78,5.864698039397238
36,55,4.463143220383509
36,93,5.441808564054987
36,27,6.644053613468068
36,37,6.288578329364771
36,59,4.325135419197903
36,62,6.39176284309177
36,86,5.375362465276627
37,40,2.9632794365724378
38,37,7.00745840571999
37,46,4.5736404951889895
37,75,7.272974668259514
37,99,4.6450215374114805
37,1,5.811146817892324
37,17,2.8838882004249085
37,5,4.660652466232393
37,54,5.830201496505866
37,30,2.6244688754212837
37,20,8.94008162008621
37,91,7.79680249187863
37,7,6.040175346156638
37,95,6.94738984417895
37,96,6.323072540430403
37,40,7.347077506278444
37,39,1.5861571825469891
37,65,9.805155750818214
37,15,3.5348438927896972
37,87,7.282328108540309
37,70,5.1784067837698124
37,34,6.087921294428633
37,28,2.3595990280792782
37,56,9.07959017386827
37,48,5.15582985553576
37,25,4.81617072837784
37,49,2.3155963878053814
37,12,2.204097742548284
37,29,3.2231914070403596
37,16,8.22189273220949
37,13,8.294855304332543
37,88,7.368860178723895
38,32,3.592281069533688
93,38,5.172919232546679
38,94,2.322148591839965
38,83,9.260803235425739
38,70,9.31545355045999
38,41,9.47421181068586
38,95,4.144158518790619
38,12,2.597806398190944
38,81,6.125016238117531
38,21,7.4404301872537575
38,29,2.369292871414584
38,53,7.0150296238230165
38,55,2.7919620432843746
38,57,5.653082616207332
38,56,6.8889408799274525
38,26,5.590011283629368
38,54,7.851796311128579
38,11,4.0468161357249794
38,9,8.340924897651295
38,87,2.610843900470538
38,14,3.9923304174992533
38,45,9.247702792994533
38,89,1.2420479286814814
38,31,9.01982012325396
38,84,6.469137106725263
38,86,6.2061891566943235
38,69,9.135095456842466
38,38,3.193353420204586
38,8,5.886349633273175
38,90,9.603345155371384
38,77,1.4187388077744032
38,3,8.184472199285311
39,9,2.9452203765090488
51,39,7.015236078158548
39,36,4.42660073035919
39,37,5.72801765103508
39,92,7.263956959086062
39,45,2.2583590360476724
39,31,5.498475126493879
39,23,5.823489725423492
39,62,8.84063159497836
39,52,8.476693527907443
39,41,7.331531514537922
39,79,2.474479093747899
39,4,3.0661957789009797
39,88,6.459353240923631
39,58,7.767479999824856
39,0,7.842839683194211
39,57,4.858096340303371
39,64,3.3396910074093302
39,63,3.0695720171037673
39,27,6.080817025892057
39,81,8.05888810456558
39,68,8.82423764214478
39,33,7.126932403815458
39,70,8.86749311688467
39,26,7.895001830128548
39,95,3.7028670005024846
39,16,3.6106533820914004
39,3,2.065092071815774
39,10,5.744236501834628
39,84,4.40827811031632
39,91,6.708009039257024
39,35,4.7833085060724
40,3,7.067263237262313
51,40,9.346839190771487
40,97,7.001599781579885
40,69,9.466111898054576
40,84,6.775400857540944
40,17,5.751310629232603
40,23,1.3163967165193622
40,70,5.602498616742589
40,13,6.342810316878736
40,9,7.593418825731375
40,88,2.148762733442895
40,40,4.953578437088441
40,19,3.038189772644696
40,14,6.127598384510348
40,93,2.0368598218423535
40,71,7.899827321049542
40,3,4.212993461352523
40,25,4.8147849931750955
40,39,5.563817090401071
40,47,5.859972024556759
40,24,7.139389478870309
40,29,6.568459771703018
40,21,3.119940466715025
40,96,3.816182954642043
40,26,8.685022025622946
40,18,7.343488757742057
40,56,4.862623991445945
40,92,7.147072051189751
40,46,7.791290933969373
40,49,9.301915421923372
40,31,7.03047856122041
40,53,6.320065457657879
41,44,3.649210762817341
9,41,3.2374955520903574
41,9,2.2968574576258636
41,35,7.770088456197692
41,62,4.419531194823126
41,47,7.918869606957091
41,90,9.400919992384901
41,59,9.311944405941846
41,42,6.055670222065854
41,60,3.1287191238568908
41,88,6.832416094360411
41,18,9.70862108008577
41,91,8.36072747609832
41,21,8.491901863493577
41,10,8.519794785512032
41,69,1.144296975635819
41,8,6.69759653421382
41,16,4.505824227779489
41,7,2.0443235038280037
41,94,5.4302395783503465
41,75,4.318870130796405
41,53,4.761950265490625
41,29,4.0151454790333965
41,41,3.6856971457175423
41,0,2.04715866115203
41,97,6.128297774001604
41,43,3.384115828372333
41,4,5.857954854644696
41,86,3.7940320346398435
41,45,4.312011283228378
41,38,5.172593492121159
41,30,7.565404793346891
42,33,1.9071658353980225
96,42,2.0391576313783304
42,12,2.5232671706042495
42,22,9.248389471344936
42,61,4.460323689293348
42,90,8.31146752024824
42,32,1.7489605909361525
42,44,1.227430511286573
42,74,9.810235486873614
42,89,1.0566744167037752
42,4,3.3677904268475176
42,1,4.159542955975864
42,26,4.392575759393497
42,10,7.112599321984057
42,35,1.6881403238847996
42,77,5.583055677999522
42,29,3.2177731209286713
42,57,8.236444960796408
42,25,6.288049642576504
42,70,3.8844287922538805
42,98,5.6499276524656015
42,62,8.196387907472058
42,13,1.1803296643415444
42,91,7.576540586672241
42,49,3.6332386399522063
42,94,5.306960304814485
42,67,9.286987869875345
42,16,4.373573669970272
42,50,8.08511500611625
42,8,1.9785629671026115
42,20,6.140118575936615
42,48,4.277077663427905
43,99,7.8492317010391295
70,43,8.219239671324143
43,71,6.6267084431034355
43,84,3.038498875415024
43,77,9.713351529005664
43,38,8.13013752720961
43,47,1.0986446022529686
43,57,8.744259160740947
43,2,2.814160399892943
43,30,6.333922128051418
43,41,5.302094329412894
43,59,3.8190009840297225
43,9,2.7618251775405525
43,7,4.754306137014334
43,83,7.547414789871439
43,98,6.600550109968754
43,73,7.267630225374717
43,53,1.177925033435486
43,19,1.1608275769944574
43,63,4.446848290118163
43,68,4.266498101981363
43,33,9.742502756215929
43,32,6.1806200200739
43,64,8.64003335840308
43,99,8.313967724669542
43,54,5.343613156988234
43,18,4.209056800728919
43,21,6.680764712691035
43,29,3.142889379840404
43,39,1.1955942723571165
43,24,7.584046861186698
43,11,8.552235033368408
44,79,5.501279062031957
32,44,3.2214664652021083
44,15,1.8637651296908322
44,44,3.554893772465092
44,57,8.929177952366754
44,7,5.211572020462321
44,80,7.540395401721739
44,22,5.851349953064865
44,76,9.199725782392377
44,55,9.79208248467653
44,51,5.192192235440203
44,99,7.132706837592025
44,52,5.306251473650976
44,6,4.481618434903093
44,42,2.581402380233561
44,14,7.664983474984655
44,32,2.7780870963856232
44,48,4.112978952446613
44,5,3.124328304505595
44,25,3.788488905034721
44,19,9.697099330437974
44,12,4.5620716895302795
44,27,6.749053724230773
44,9,9.634193592872407
44,69,7.8575012755005424
44,53,3.9970175649630106
44,56,9.538412102500887
44,78,9.580858464584566
44,58,9.61380940182292
44,79,1.0976315602707607
44,26,4.485046416259956
44,61,2.8933159940973208
45,19,5.545134866077848
29,45,3.5884548808430425
45,14,9.903967984751795
45,49,2.7586060373980117
45,13,9.59135731318828
45,8,3.8276414422374936
45,10,9.206992573238601
45,86,8.90398876982937
45,72,6.1072293902405015
45,74,4.042380915855711
45,95,5.664433025901418
45,33,2.09781044525702
45,45,8.71675491280191
45,99,7.998075312017882
45,60,6.377777318262245
45,78,5.115800327961814
45,12,5.813724351404641
45,16,9.344246181629202
45,15,4.28369757930937
45,54,1.8571173025920675
45,2,7.004758602833803
45,5,7.816402969426363
45,37,3.6179900989290728
45,79,3.5999923983960884
45,68,2.3210862442086917
45,87,4.693169997633024
45,31,6.814391930117256
45,80,5.3761023464354905
45,42,1.2772191391297265
45,26,5.804698154217748
45,47,9.17266522335612
45,76,3.354728593372651
46,54,9.915135281598705
80,46,1.8499756720265712
46,73,4.2518739735420965
46,23,8.530449376133806
46,43,4.385960462688622
46,71,6.322215823829787
46,80,8.2383887460733
46,92,7.893061586783234
46,15,1.475654646067847
46,56,4.661996144839966
46,21,3.5048585125230853
46,66,7.480736574677662
46,46,4.28278303012034
46,69,1.78464497699581
46,84,5.325341750390673
46,63,6.577974944925286
46,38,7.992937224374495
46,22,9.949079309464715
46,20,6.354329390437367
46,47,1.861492607642655
46,98,4.471066754551316
46,59,4.711216282768374
46,1,3.990952911894203
46,86,3.090562026125274
46,32,8.978093372531976
46,87,8.851952864089695
46,85,3.7975339868331566
46,57,7.684488895497996
46,90,4.283358521175408
46,16,1.410021753914296
46,24,8.952244102509255
46,99,7.0734145776366955
47,84,5.152692548668813
21,47,9.844839135828598
47,54,6.476258076555599
47,41,1.4020700372643806
47,86,4.5695666143679325
47,36,6.123202235640415
47,87,7.490784887863459
47,56,8.378535078699397
47,29,7.570356855193557
47,84,8.744985804228984
47,82,3.4834745726561485
47,21,8.600837081005658
47,28,7.524520682603706
47,7,4.391185719860052
47,75,9.077952560454913
47,78,4.6476341616351675
47,53,8.198859071158966
47,97,6.189527801351878
47,18,2.603230023937708
47,58,8.28774180173361
47,15,5.155795374207041
47,34,7.96568700424098
47,42,4.5998288706494375
47,73,1.661325784081293
47,37,5.711116229267522
47,60,1.2933140366831308
47,47,6.498549334308456
47,77,5.105302306003947
47,88,6.024222398149093
47,94,2.445374771090626
47,83,7.554197139592217
47,3,4.274306205322306
48,40,5.6804068160017955
46,48,5.197963172470751
48,56,6.003551767575468
48,30,1.5289855574497238
48,53,9.855195926317966
48,88,6.845547295125023
48,76,8.963179880291767
48,97,3.531076648469289
48,19,9.528162856339433
48,60,8.74394942266499
48,48,4.013199472260638
48,86,5.534693324935688
48,7,7.434418753722854
48,40,8.66760910338774
48,5,8.633961617054712
48,55,2.2556240045929954
48,59,6.0954115032093235
48,52,4.847101721506978
48,51,9.634476357932526
48,84,3.277867611017056
48,35,1.0973829465833749
48,39,2.631085623912206
48,94,2.513401025100488
48,9,4.283086442246412
48,17,7.037450038401377
48,58,3.309201567739021
48,0,3.4963621024061045
48,42,1.0085314634480738
48,72,7.641371040103648
48,14,1.6658018552183411
48,46,6.895784359287762
48,45,5.024387497707554
49,64,9.854373633408722
88,49,2.9171067977661096
49,14,9.09236369268624
49,42,5.278493222785265
49,36,5.3333292472798846
49,32,9.18257492231033
49,52,8.660002235264146
49,77,5.569818151915692
49,0,9.129874308976206
49,70,8.923891317551263
49,10,3.904082801421572
49,64,6.0150694004095415
49,89,8.915213019946751
49,94,9.164207324287625
49,91,1.01411590390916
49,65,7.3468386331163185
49,16,4.850450095041101
49,15,7.201014937129541
49,49,2.433010632688528
49,71,3.1805988081270846
49,96,5.535412010066267
49,45,4.386098476674341
49,12,1.16411207843894
49,66,2.038233015317459
49,61,4.569464194959121
49,60,1.9968638968448107
49,55,3.8237337802697926
49,30,4.560160528095596
49,46,3.1107468168598715
49,48,5.95813925197664
49,67,6.855384425771899
49,93,5.545266107128702
50,77,5.8365672916543385
78,50,7.5907976907118275
50,51,8.693368192669986
50,27,6.266917043426296
50,79,4.125618046089074
50,82,7.3614276191979835
50,3,7.903703135436178
50,12,9.730563750959691
50,71,1.1031827951590227
50,28,6.678107563228913
50,61,8.456754266387026
50,77,2.7761714846922416
50,2,6.557076959794322
50,36,5.136293423391424
50,40,4.920264118267474
50,39,9.447756698336415
50,6,1.232525967880703
50,21,3.1987816466976304
50,90,9.346514964766396
50,85,9.469970123443147
50,4,9.491596483808332
50,14,1.676350166751695
50,52,9.836448051519637
50,72,1.895432472945934
50,80,4.772162761780773
50,8,1.5523044984642853
50,59,1.779833425664337
50,44,8.612480040495207
50,94,4.277732049087185
50,57,5.798734941970297
50,42,6.801451560522798
50,65,1.9931462153768695
51,86,4.86923023635004
61,51,4.99777704943504
51,91,8.119746615964846
51,30,2.845287794128314
51,75,6.377213667501646
51,45,8.999765560589227
51,3,4.988908801090887
51,8,4.260484599896078
51,32,2.2636881697070184
51,68,2.718887513428646
51,41,2.2420636967486196
51,28,2.143660390918369
51,57,9.838161226274162
51,89,4.4449366384677695
51,43,3.6131338508839406
51,62,3.7323815563262737
51,99,9.66982558195376
51,97,2.8094020555382357
51,65,2.848727929808401
51,18,1.5157743925707128
51,54,9.935770246802669
51,16,5.621518520145686
51,24,4.04973297068933
51,84,1.111443074471421
51,34,9.230439537824036
51,31,5.890339761185522
51,63,2.614669056236766
51,60,8.121525250795159
51,53,4.992300478682709
51,85,6.985563742921675
51,35,4.792398809244311
51,94,1.48118842496296
52,72,4.527409026542783
68,52,6.100153657866259
52,44,1.8737191373796793
52,66,8.038048636644657
52,57,3.222306192137724
52,32,9.409663910652514
52,34,7.304277032005241
52,65,2.737892609029674
52,99,4.424162264827526
52,84,5.469531705739
52,52,9.372373145583323
52,77,6.966714809534144
52,59,4.527564735900805
52,55,1.4582771083572554
52,16,5.180643012987415
52,39,4.826965140574242
52,64,1.7034235598127876
52,41,2.091157052082423
52,22,3.962091527231419
52,67,1.2164406326627413
52,54,9.979210564846017
52,97,7.286104142565327
52,18,2.74884781998065
52,15,9.585317296140833
52,82,5.2493045192376355
52,27,3.47601747114924
52,94,2.2002304992365302
52,61,2.514362686008876
52,23,6.024179684873527
52,46,2.7693041710476627
52,79,6.270435985369729
52,5,9.736464382305513
53,32,8.650986227835578
8,53,9.164464334586901
53,8,1.1004452758947016
53,28,1.2734339015449458
53,96,2.879061662206724
53,84,9.095753907816398
53,22,2.5359128551437364
53,11,5.834664156990307
53,56,3.665309210327222
53,66,9.87368752450281
53,13,2.207032535638573
53,73,5.0947345279606155
53,27,7.8151478065034
53,52,5.860843220366986
53,87,1.139670477678072
53,25,7.66845840269313
53,45,3.4220694955225426
53,49,7.061781763423684
53,63,1.9412145200339253
53,82,5.154830581145722
53,97,6.051151264688899
53,23,8.202723834053877
53,78,1.1885581129571294
53,69,1.9375288811143658
53,64,4.3944382082795945
53,18,1.0957151246232932
53,76,2.323306276897361
53,15,2.1507835255069874
53,90,7.2307366114053355
53,77,3.1117927344670546
53,5,1.5169154917305163
53,32,8.124585898279278
54,55,3.312900051377361
6,54,1.6384633371355508
54,42,4.828630256769945
54,20,2.1995037650775684
54,6,1.7366483343425707
54,40,7.629832568062289
54,26,8.504370842200657
54,68,6.713222943597695
54,51,2.061328872402392
54,88,4.612434831002172
54,14,6.7879414565453144
54,53,9.797293007475801
54,89,9.230621232307856
54,79,1.124637101765054
54,47,8.919571973521212
54,93,2.995561751047506
54,43,2.9005011560492737
54,39,5.83732407047964
54,52,5.77931786549225
54,54,2.6419449138824214
54,36,3.508824729751881
54,98,6.513508226478592
54,67,9.401832032543046
54,74,6.182692938740932
54,4,3.7543506712206707
54,80,4.081574506497226
54,46,8.775312832864905
54,87,8.107019594852398
54,81,5.7835463651258765
54,77,2.781156237333507
54,34,8.795415936919468
54,9,2.661033885307789
55,74,4.274189969268911
15,55,3.1693642951883625
55,10,9.848912213251394
55,36,3.273549638565544
55,94,9.876798263910633
55,79,5.213073978778923
55,90,6.881437354539734
55,84,8.088595250646355
55,81,8.802530255077384
55,13,6.5293365675931785
55,22,7.977124674842181
55,29,7.94534178934385
55,37,2.378876996863656
55,87,2.2495234840115206
55,73,5.363898700723192
55,51,1.643700528433825
55,14,7.138208424079174
55,92,8.706516168259547
55,78,6.56279394077558
55,23,5.8747328882132
55,44,3.954212086626886
55,52,9.084858420100264
55,86,1.8880624734444966
55,71,8.16335672169749
55,93,7.170728344474161
55,19,8.631436329201065
55,55,3.618052615277554
55,80,6.041215026414124
55,15,7.861088708290953
55,97,7.67054092834021
55,7,4.374227352993215
55,75,5.146547001420823
56,67,1.8524044959255375
51,56,2.7735195856278363
56,14,4.414211915074892
56,51,8.762227738097913
56,48,1.6273845444538646
56,45,5.916818527739141
56,59,1.0034300800408715
56,49,4.379156079720184
56,77,6.047741455864035
56,61,3.6822968435394103
56,70,1.317366629126841
56,95,9.424258735127461
56,80,9.747141257299301
56,81,7.722166899764148
56,6,3.0375998142570975
56,42,2.968204867548166
56,33,5.280565002829166
56,31,7.44857366550562
56,94,8.638084259266128
56,11,6.438700104290329
56,0,7.143606561235714
56,1,2.9935653912581346
56,5,7.2607356482118215
56,28,1.5119850013440206
56,30,8.459386469936346
56,64,4.027021435123619
56,10,3.6849660261301027
56,8,4.626537806525198
56,15,6.802356539291312
56,43,4.497990172769914
56,21,2.3809967616797847
56,86,1.2629836516624726
57,70,4.025052381679556
75,57,3.3477319251270616
57,78,5.580777349786822
57,91,8.551052983008201
57,0,4.722406055277766
57,82,2.4771272301997844
57,32,5.532728672853579
57,27,6.589987518432232
57,84,7.409915453188444
57,94,2.934274349281409
57,18,2.24383439122746
57,39,5.709947418733054
57,26,5.110332357367682
57,71,4.543263416218114
57,31,5.856203362647922
57,48,7.424198516177235
57,64,9.754269993607668
57,83,8.502859388895203
57,98,6.652239888460498
57,13,7.016506850076048
57,55,4.98580638084491
57,35,4.243456841281198
57,50,2.539162653825458
57,46,3.243822267377478
57,16,8.224826027792833
57,74,8.69001892124171
57,10,4.783096997521536
57,36,7.1603879331418945
57,9,3.9509743455503283
57,15,5.89524537438399
57,40,9.001982285502962
57,2,8.1402324330769
58,80,6.064781637010646
50,58,2.49299665214795
58,8,7.758859540347603
58,30,9.29367139052687
58,33,3.115353852725492
58,9,8.7053701931363
58,10,6.095222334661958
58,81,8.954414243049788
58,72,9.699407014456824
58,70,6.047841119234393
58,25,5.415285289362543
58,39,4.934680049976233
58,92,4.8623971290287695
58,63,4.4173995804317
58,87,1.379206889065964
58,77,1.3512490465081184
58,45,3.8562629965494346
58,34,5.968213004886013
58,93,8.06128434963801
58,90,7.415304006171744
58,57,8.646047052732811
58,17,3.7584177316263694
58,49,7.700765245350771
58,94,9.074693215366619
58,44,5.612951620676183
58,24,6.167970850891439
58,66,1.956054779368801
58,68,3.53845584268537
58,20,9.347013823065646
58,11,1.3779180892704592
58,5,8.594499263349235
58,27,5.915938920231934
59,14,5.316602255304909
74,59,4.42514073092346
59,48,3.1511937940857138
59,81,6.13925046813455
59,8,5.8644946243235765
59,88,3.4593770946868476
59,5,2.9411300134929714
59,21,9.578400512720822
59,71,1.948916307089641
59,63,7.63840634087588
59,82,9.5205660711519
59,55,6.386110650585316
59,20,4.048208921654069
59,74,4.34275194090019
59,14,4.8680334183142975
59,77,5.944239282775417
59,13,1.7812060989335912
59,87,1.5880160240733134
59,70,1.6172627648542166
59,53,6.783840183725933
59,84,6.1983782753785235
59,68,9.722776148849308
59,94,4.356996022139214
59,18,6.390614034905472
59,65,1.7849250318281824
59,78,9.579174621349486
59,39,5.960263404340453
59,67,4.106469815107451
59,57,5.735861082375939
59,45,9.590540493150737
59,29,8.736757365135908
59,93,3.4164718554517446
60,88,6.21063618652498
32,60,7.888760387043148
60,34,2.5763232903821818
60,5,6.775750445318993
60,8,1.8100908910556686
60,6,5.532795175112894
60,48,9.638772287977325
60,28,8.359579428641066
60,16,3.173358739049209
60,17,7.142714898892743
60,73,1.9891950884279446
60,49,3.8853801783990654
60,29,5.160511680052259
60,58,9.720314228308498
60,94,9.702326132353628
60,14,4.843100864914395
60,3,6.09976099323309
60,9,8.101334311366509
60,97,5.95141051860437
60,70,5.166645237849383
60,71,5.606816120107614
60,88,7.044218021615394
60,25,1.309894824211592
60,75,1.5379276993898625
60,98,8.657694639935485
60,55,5.942368739331444
60,47,2.406119256195612
60,57,4.610802400525131
60,67,4.645132325993694
60,84,9.115155103365801
60,46,3.2391105433012983
60,45,3.4902443570254404
61,35,2.2499440726664
33,61,7.813980649545157
61,43,1.7705018947160887
61,95,6.114392925533373
61,99,9.521031002553046
61,15,3.165694092582572
61,35,4.5319234491587554
61,22,7.288328614797612
61,41,8.207455487140301
61,17,3.316212774862337
61,48,7.790442207323568
61,0,3.0873258887642767
61,98,6.977634276442071
61,7,7.168462376196445
61,23,4.491464544920674
61,85,4.772282341555334
61,50,5.241763903536986
61,20,9.390240102177126
61,1,5.595122839956887
61,16,7.345581300339947
61,47,5.666869274294099
61,72,4.300044123280177
61,3,9.698329523315858
61,36,3.46644269957671
61,46,9.431496039338654
61,40,5.917392728675594
61,66,4.628571486525075
61,2,4.551390400062598
61,96,4.2783563886567375
61,67,4.19855753111768
61,10,3.5563948499011913
61,37,6.822674406729087
62,40,8.27054391640353
18,62,9.718404172958754
62,93,1.443164621232894
62,62,5.528684288887136
62,51,8.56781862518733
62,16,3.8504247402837373
62,6,8.837039279824342
62,52,2.73063050759481
62,53,3.132233339617053
62,75,4.666788386137792
62,83,7.47642144056828
62,49,2.5417457986209766
62,41,9.77847848444658
62,63,6.029570964383964
62,81,6.9540493460442505
62,42,5.614950170698978
62,98,6.31825331060069
62,46,9.626244605640894
62,30,2.663748929651939
62,59,4.634539362571763
62,92,7.9791427329776266
62,1,9.526048648280433
62,33,8.168814597390295
62,0,1.4423951319248776
62,34,2.7778192865893088
62,94,8.944915691152328
62,61,9.774146240851795
62,96,7.025760008655023
62,2,8.5636321869757
62,43,6.677006937670837
62,85,1.7344992060045112
62,12,4.210147287962415
63,83,7.607827213891569
66,63,6.330592425286859
63,88,7.2253119621506245
63,80,9.576316579254348
63,95,7.7024347162267714
63,19,5.005104804959987
63,64,6.9439216577280165
63,15,3.8505200425340047
63,33,8.19000430671289
63,46,8.64005546832843
63,76,4.890913125344715
63,9,2.7255373467889537
63,23,7.253735490556803
63,69,2.2025255421511343
63,71,5.5841852877903495
63,45,7.055361546254076
63,0,4.424578705268636
63,35,8.132769350966145
63,25,2.492021081685959
63,8,4.27956740264705
63,77,8.13752826572754
63,86,4.247169232864947
63,37,5.300077198845218
63,91,4.579981370588799
63,41,5.296913053747637
63,96,3.615939950621426
63,43,4.450026624830751
63,78,1.1149001215501813
63,30,6.507385310084747
63,94,6.441731807820495
63,29,6.192578984099352
63,57,7.189623549580963
64,34,6.825273463556477
48,64,1.7028957503246458
64,76,3.673376130094371
64,49,6.115330619108885
64,9,2.908336553298054
64,46,4.361837337267721
64,13,6.548841556709089
64,64,3.581846706183918
64,38,9.068979009914804
64,20,3.2196210955073514
64,52,1.8522437803931333
64,97,4.196684718992314
64,1,2.269335783754194
64,18,7.376694077617646
64,47,6.6234983023111225
64,73,8.698488715611283
64,0,3.0662216180470963
64,34,2.222384010644547
64,72,6.817726475348523
64,74,8.306431404009745
64,67,4.469602890175765
64,37,5.647000697846274
64,99,7.567055011173505
64,70,8.937690479970879
64,10,9.539713757977113
64,12,6.791423971183298
64,77,4.073026241699864
64,66,8.06350177935311
64,5,6.605895438993673
64,90,3.9495178671953903
64,62,2.8535530455795164
64,17,1.7321174838164315
65,99,5.065156096007979
55,65,4.9574648325073944
65,39,7.112948175991936
65,60,2.5806198895419965
65,99,7.985939939045602
65,70,9.308559332843647
65,88,7.2027031225261045
65,64,2.5324976007676
65,98,6.32912545128925
65,84,3.7832863418800504
65,94,6.826514923710606
65,51,1.3865517858521546
65,36,2.844906883568607
65,42,7.054852311576727
65,69,6.860401185118921
65,66,5.4718037196969265
65,30,8.206404139316476
65,28,2.9864954139579494
65,52,7.775724974132946
65,32,8.892893703444134
65,97,3.335347818602544
65,80,7.5079670935058775
65,65,4.3361364716597715
65,8,1.4965586253293823
65,91,3.282891831684295
65,63,5.985899980485628
65,78,9.954385429994582
65,59,8.988677485801079
65,33,3.0709574703515443
65,87,4.849946900364098
65,82,2.9975853506795014
65,18,8.826731033265444
66,27,5.589418178249577
17,66,3.342667039209527
66,51,5.628700973926945
66,80,3.4025181263760143
66,62,3.881961188664831
66,95,8.115164507188673
66,42,5.520314529914797
66,57,7.979915236020682
66,96,1.2903900036489642
66,91,5.501352538729069
66,8,5.479752753216492
66,82,1.1820431117117918
66,47,4.1676903049986525
66,32,6.016004880743592
66,65,3.1534786308024207
66,30,1.5334950528048783
66,61,8.310800862653362
66,99,1.288216572785041
66,14,9.53995781114664
66,3,4.027822878837507
66,63,4.770100372510255
66,87,6.210127017594906
66,33,7.157731384004145
66,21,2.1550912158653657
66,55,4.113331443189688
66,94,6.995735058137597
66,77,1.0034262381756833
66,98,6.6675203456181436
66,19,8.815754618892758
66,85,2.0744567668233134
66,60,5.291234970557051
66,81,5.555771634070274
67,33,8.163747780800286
26,67,7.375586952221114
67,9,7.477648724860139
67,17,4.534078500509347
67,90,4.665473740087685
67,91,6.726377420569853
67,24,8.512492705195655
67,3,2.962675837550538
67,20,1.1327504215104698
67,5,8.13071581458938
67,89,3.341751034329112
67,67,4.397076142738975
67,99,1.8021076392134747
67,93,3.323190944518958
67,44,3.381955960543156
67,68,9.110953591590965
67,4,4.53680649252545
67,16,7.804260356634452
67,49,3.5084338194091265
67,95,9.68346059255817
67,34,5.532886129825895
67,71,2.970533395198924
67,41,2.345093401752335
67,27,8.548341099736543
67,64,2.894750261762006
67,55,9.40410591238148
67,30,4.300415540344904
67,28,3.631481326121105
67,96,2.2102919917519146
67,40,2.8856901299621303
67,29,3.2301818959991806
67,79,4.930053499913507
68,43,5.754320351705468
63,68,2.846547421220511
68,87,4.274641431223676
68,40,1.35389706792449
68,80,2.22256547128849
68,17,5.676045678119282
68,29,3.075141072845252
68,27,7.852495721843286
68,62,4.42423421703189
68,43,7.104846587587974
68,71,3.9066124899510015
68,86,5.538034131877712
68,19,6.566207958481888
68,9,6.372358020257947
68,74,2.881511241221536
68,44,4.401195457410404
68,99,6.552428427523142
68,21,2.037981793261575
68,23,3.240574650337893
68,82,6.2898282792634275
68,55,5.324117608353102
68,42,5.738399020392575
68,7,6.81260843617937
68,4,4.3883964996331395
68,58,3.4709653271927277
68,93,4.856897860354445
68,24,2.844926432753705
68,63,8.105354043044928
68,31,6.316131651495625
68,92,7.675487507073582
68,69,3.471621345234345
68,34,1.0229037434085204
69,53,2.2573912486925285
73,69,8.61761173618292
69,15,2.5135040231321626
69,92,9.291146815938319
69,84,7.2652581950753055
69,30,2.4790301608088416
69,80,1.9179992308640719
69,68,6.049385092204682
69,78,4.861305320087111
69,11,8.86368416875399
69,44,2.8055977695349235
69,48,7.944739046046086
69,75,9.502675271708137
69,18,9.493382192495382
69,71,1.2526400188596423
69,34,8.214713472655536
69,76,9.489517717951149
69,65,4.595835567470312
69,72,4.337882466984574
69,10,7.200754267274272
69,61,6.117916932263864
69,50,7.897244569495751
69,63,8.609656964221212
69,47,3.7910696380259457
69,87,1.7881585307003327
69,40,3.325157073215577
69,1,1.3585835235773618
69,57,2.1807257731060874
69,95,1.280910808680892
69,16,4.971528828433585
69,45,1.4947863588163135
69,54,4.944349430559474
70,32,9.55986352318189
29,70,4.922749767769074
70,79,1.8582694404550377
70,19,6.578262929668751
70,30,8.242407721287833
70,76,5.338357882919956
70,87,6.771339354575012
70,31,5.238394718202899
70,41,3.022462029435985
70,45,8.05848206902197
70,54,3.025862203485993
70,97,9.287537436830165
70,75,7.901088284498205
70,95,1.638647102212999
70,18,1.7429068215535748
70,12,9.89514815802561
70,20,5.959996264045157
70,27,3.916559366567371
70,57,3.2954508902767294
70,21,5.76167659586496
70,17,2.048309031116095
70,39,2.7261761461247715
70,89,3.926010759408725
70,59,7.6528845109087715
70,14,6.0886257339683825
70,67,8.917863804725304
70,28,5.94963105486082
70,62,8.71656311933988
70,81,5.4730820219829734
70,22,5.05683558454453
70,66,6.801555835441599
70,23,8.01271201764947
71,92,4.162376469966601
92,71,8.862138550427176
71,34,1.0924095881678835
71,75,5.824130577767387
71,46,9.185882691392823
71,30,4.0677321630005565
71,12,5.316153749176267
71,73,2.600474631638124
71,8,5.929905200228296
71,41,8.968231221005404
71,69,7.392822260670995
71,36,6.877914931855335
71,16,5.668154859988544
71,48,3.148511018936234
71,43,1.057523957989819
71,1,7.488913342377437
71,78,3.5860461577034264
71,61,1.0082169097256455
71,33,4.796744948335867
71,18,5.9056660826097644
71,71,7.59804316554379
71,7,2.0396958768481888
71,11,6.426257490673916
71,80,4.438652451022001
71,19,6.028212455325883
71,20,9.084056705192321
71,67,1.5369990376822562
71,17,2.678442764560611
71,60,5.361940123266499
71,22,5.698292012324672
71,97,9.184885116435341
71,23,1.4870001297889706
72,14,4.456900755377449
39,72,4.562627253537563
72,0,2.8944014191215777
72,28,1.9987493797038478
72,79,1.1530030035918135
72,44,1.6354487530379216
72,6,7.246349800622294
72,42,3.468453974294294
72,26,6.085550640544191
72,72,7.625969911893538
72,51,4.79927531392716
72,97,6.046334864415162
72,90,3.0785949846401337
72,57,2.731870477701881
72,22,8.01110881352323
72,85,1.8099261572721854
72,60,4.410244312186391
72,24,4.737481627989748
72,91,1.255792878124181
72,94,4.517167125835296
72,86,5.841131353093117
72,12,8.615302834190958
72,99,4.6111556950365955
72,19,2.875796834943118
72,21,9.024646075961954
72,31,2.0456185221009564
72,43,4.814225623547555
72,56,4.786280184579575
72,45,9.744127558845122
72,80,8.36357594092578
72,13,4.2580417340249
72,63,5.903109576088525
73,18,3.4772352134785875
81,73,8.746929630538032
73,51,9.894091399635903
73,34,1.7409992294328962
73,9,1.567665848314987
73,84,6.550746021322469
73,28,7.191893061350263
73,83,3.1870255189531806
73,55,9.350650032557075
73,82,1.1246253253645473
73,60,9.775651372387316
73,70,6.505556057424258
73,74,1.6900902663167432
73,99,3.0519455090935086
73,36,1.7383990559372804
73,38,2.7333811104075516
73,17,6.006915142702911
73,96,8.892836452584213
73,14,3.7331411867341537
73,72,3.407312970266385
73,26,3.928360935984106
73,42,7.235265868997926
73,31,9.384928649442411
73,69,1.9591959123515512
73,13,3.2453839877195594
73,77,3.024037275623236
73,64,2.322542540048398
73,49,8.96113401825155
73,6,8.251051318440588
73,79,3.7945891515462193
73,45,9.152200489590264
73,12,6.7300423840703205
74,0,9.570571842873717
53,74,5.330376592069639
74,79,2.00443617580477
74,95,7.630276357787996
74,17,9.64783531988134
74,78,3.5903305388643094
74,5,8.59424156778837
74,2,7.5116210929673795
74,86,6.9408379227548345
74,81,9.53049038429239
74,11,2.8795968144367086
74,44,3.1469446400790364
74,38,3.0812340412783312
74,77,8.168942266580618
74,61,3.2191994836505318
74,63,7.006094882727977
74,83,5.343814382524228
74,54,2.272463780977393
74,16,6.3660435290046244
74,76,7.134156405269405
74,21,9.800261976055793
74,55,8.874265208415377
74,72,2.1121141087405433
74,84,1.0964509677186847
74,90,3.579679850369186
74,64,9.656270289283166
74,1,7.091488685565421
74,29,8.127562987881905
74,93,5.301010325709533
74,57,1.7031600946068894
74,20,7.886996807571188
74,53,3.3083110649221608
75,91,9.35374698425121
25,75,8.087570070137609
75,2,9.589966912274084
75,65,3.9830212345473464
75,74,7.57580982252881
75,80,4.342516941642773
75,97,5.684852106869296
75,36,1.103176055149881
75,19,4.0404142541517185
75,45,5.610070857634911
75,79,9.25275525097878
75,18,2.9760352448629046
75,76,9.455598542403965
75,82,1.5999534097942956
75,21,1.410542805147343
75,75,5.4945088759469
75,1,8.379270716861067
75,40,6.745524914745065
75,4,8.325355975874816
75,86,3.55288509593364
75,89,9.21470794443334
75,31,5.146530240221563
75,3,8.655541229552181
75,13,7.521269622070319
75,88,4.162445623875162
75,41,2.136452934357431
75,92,7.096265202016825
75,30,3.2122596191934414
75,0,2.049832096968566
75,66,8.354317305614904
75,78,3.015302948709042
75,14,2.3819878426693477
76,60,4.064927008094234
2,76,6.994208586043717
76,13,4.668735178051078
76,10,3.7872169842397305
76,64,9.333620247454249
76,24,4.281212765761667
76,5,1.3062301758046746
76,63,3.0019094698628632
76,58,6.3040493497162435
76,15,4.569781556107472
76,79,4.541830228784972
76,74,1.050488673010196
76,75,1.7172019162278347
76,97,9.11352017822872
76,93,9.21677378066881
76,25,3.9194133688182524
76,81,3.0068175639270813
76,98,3.6616598774542095
76,0,2.657273713593098
76,36,1.7578719142900794
76,69,4.231650881143475
76,14,7.788921923358512
76,51,9.855032018489819
76,88,8.0108634090234
76,54,1.656960770421387
76,8,1.6250294780243633
76,33,2.625099606523243
76,45,6.092237047427745
76,12,1.011075922216328
76,85,3.8308200944579074
76,48,9.453360580158277
76,16,7.423138052950113
77,42,6.626928797481127
80,77,2.929794396465708
77,34,3.2770569091248567
77,88,4.953274615758351
77,15,9.056822208797826
77,1,6.3311154851649345
77,70,2.7095028780086596
77,44,1.45336289060961
77,63,5.106554648427597
77,59,5.6838660163063395
77,72,8.83868987219832
77,37,1.6713641601559943
77,42,6.583069946230806
77,84,2.7293655966441266
77,21,6.223222321317258
77,45,2.0625308510402607
77,57,7.299091316491111
77,8,7.009085998270511
77,3,1.9984282686467005
77,53,9.727619853641906
77,74,3.534644225681137
77,65,4.337543735830078
77,77,1.9882891201714896
77,62,1.1550142263226202
77,93,2.1442758798344417
77,36,7.514759670914849
77,47,8.531116590469557
77,24,4.695600938401194
77,78,2.4457692953706722
77,61,1.1595901456200473
77,64,2.1606477131394457
77,11,8.404339330748492
78,93,8.075630347059276
65,78,9.67576614856772
78,55,3.030250613092252
78,33,4.2459488328124575
78,4,5.064209842891188
78,89,6.617988274553155
78,98,7.551148171886775
78,5,4.526413732288143
78,42,9.380176746151964
78,94,5.224688384231432
78,69,8.573685497834319
78,27,5.758733852922968
78,24,4.648322936924835
78,18,1.3251603500694014
78,37,1.27440265152961
78,0,4.401406482748455
78,70,9.724818157993012
78,2,7.058633605982542
78,21,1.2259300412238616
78,3,7.064725342949193
78,50,1.7692380358490247
78,11,8.194107003193054
78,30,3.5383378107327967
78,38,4.639025737596022
78,9,2.960821221895407
78,73,6.033562091261056
78,45,5.617198757953062
78,74,4.584865809745134
78,68,9.91265354523705
78,28,9.012813600641266
78,72,1.1464470795538573
78,83,4.9830021760252805
79,84,1.8170489762356916
98,79,9.883214799988927
79,11,8.732169848897971
79,31,4.516946301134647
79,16,1.8845612725890128
79,95,5.223394740003413
79,90,7.043302040801157
79,87,2.412999372709611
79,67,8.809223416715305
79,18,2.5618643670694183
79,8,6.384876054065277
79,29,5.517378375241932
79,34,7.704025590019031
79,20,3.3553614590425713
79,48,3.862611725221768
79,35,1.9015841004161667
79,44,1.1531345741356362
79,46,1.8901236872727971
79,7,4.856317191667359
79,78,8.464352716205653
79,75,4.110759608634938
79,27,1.2016139741644025
79,99,2.062154178932839
79,2,7.006400411103916
79,58,6.323912466807687
79,49,6.374429570978136
79,91,4.505205294314966
79,0,1.5502657115816065
79,3,5.193272431639469
79,93,1.919285006937303
79,28,1.4628254876740945
79,79,4.264132546223513
80,99,7.698857665865329
9,80,8.25782546319132
80,60,6.851393238848335
80,0,9.55511309704229
80,33,2.4110691504844257
80,17,5.722138465212096
80,5,2.9066446739728895
80,27,8.369651773238829
80,8,9.667330243455481
80,78,8.889103164151976
80,66,5.3498884009051055
80,25,5.190157345779327
80,24,8.436374581420658
80,52,1.9095017214602104
80,38,5.1781180023631395
80,62,6.4036757599343055
80,50,7.148286429583727
80,79,7.328977139558641
80,73,7.073905012571659
80,87,1.068802233421322
80,64,9.626084453802628
80,16,3.756469739100226
80,63,8.922997735767414
80,44,3.7704842417615785
80,35,7.064543621905003
80,41,8.393582641200972
80,31,5.750975907707658
80,83,6.842152368576525
80,21,9.245472485884756
80,23,1.5280059026685269
80,67,4.650303315678152
80,29,9.766910636394737
81,26,1.2921605639485505
68,81,8.599634053103756
81,19,5.351706251686288
81,93,1.101673374593835
81,21,5.027872888728251
81,80,4.898625659605834
81,60,1.9811799934727774
81,56,4.213425386980948
81,78,4.284150531184994
81,96,2.9157761316862953
81,95,5.918562630299253
81,8,2.203610874791178
81,45,1.4154357164033353
81,88,7.913692309499203
81,55,5.733375885560225
81,33,9.236986367054715
81,28,4.9896102715138895
81,51,8.609013997291534
81,9,1.200657561370981
81,20,2.392324871649813
81,42,6.062268440418176
81,29,3.7559342390919275
81,98,3.085322184449962
81,22,5.256550272836543
81,32,4.982638846506358
81,71,8.12512355489108
81,66,5.4017382564187315
81,50,9.837901942040688
81,5,5.701767828787447
81,17,8.560702096462204
81,11,4.914486865362779
81,87,3.1165362986933935
82,18,1.0786104956398535
22,82,7.787817219462514
82,98,4.166474694718411
82,39,9.391044575662306
82,75,4.525836830083054
82,93,5.810684232071437
82,69,4.367612032552584
82,27,7.529960428908904
82,11,9.382590716590563
82,33,7.321970160386317
82,90,6.297449004664988
82,94,9.021863036981713
82,18,2.1991754233093097
82,51,5.6160644089005345
82,89,1.9433418260275173
82,43,2.6332155590669286
82,14,3.39533702224298
82,59,7.084622452666468
82,15,1.078359694713233
82,66,4.804602531510276
82,53,4.2647834781270815
82,60,6.256886007223663
82,72,8.4421739058887
82,70,1.5952666061516925
82,86,8.516384353620996
82,96,1.9209881900496089
82,71,4.030748224703689
82,22,5.394818601616512
82,7,7.292756723419566
82,48,6.106865867251221
82,4,6.531825138337062
82,91,4.222579470777894
83,67,6.773747596617355
65,83,3.861507861731125
83,92,3.154510262848684
83,94,8.12351354621935
83,34,2.1715976702099704
83,41,4.855735995915078
83,1,5.131130033883784
83,10,4.318383284031163
83,99,2.0643786365238004
83,2,3.1742445588117523
83,90,5.649624832568929
83,62,4.8315014630641855
83,6,8.580397502481409
83,48,3.945185106829478
83,23,7.056890059976963
83,69,4.478233126828749
83,73,5.266017233268858
83,81,5.183568891090805
83,40,1.1675600277543805
83,13,1.2872486775516945
83,46,7.3101166499334544
83,19,1.952859644287264
83,87,5.331794579531722
83,54,6.843615342812143
83,21,9.949818495445092
83,88,6.65414472240793
83,59,9.82678528836614
83,11,8.428959933421858
83,83,3.7828868576250336
83,9,2.153438534331186
83,91,7.388076359117208
83,76,3.953058029117064
84,25,5.53712179277392
92,84,9.247995017416736
84,9,6.129983303268498
84,89,2.210039349814301
84,5,8.204900839969973
84,94,1.744920365785402
84,86,9.056679719555202
84,52,9.672792499184292
84,43,9.049986290640945
84,8,3.803400361243974
84,73,6.910323348059858
84,60,3.676383132438365
84,69,1.5431612349210446
84,98,1.3125151231785563
84,50,1.0749532652716665
84,77,9.199325925474563
84,17,8.322276720203417
84,21,6.862991141796579
84,59,6.359245349388748
84,49,8.477542936156834
84,67,4.5049669297279635
84,37,4.015153093134034
84,28,2.6441980453105227
84,29,6.607459934248832
84,85,5.89105319529932
84,87,1.5006344205022555
84,63,1.8686425381200125
84,53,3.323844191924136
84,92,4.25926114808438
84,81,7.144937088801749
84,3,5.443352730472008
84,1,6.016935028631453
85,56,2.869695785773356
78,85,4.161105814221026
85,23,8.467509584990077
85,33,2.0587967781192407
85,46,7.117787720139242
85,56,1.2327665940455468
85,90,2.193786839847712
85,82,7.966907510855085
85,75,6.634027244291704
85,18,1.8638024799340296
85,28,3.466175755307136
85,42,3.385709292107263
85,64,5.770205145389124
85,84,5.4736370584286655
85,65,8.728332270146693
85,36,6.577323341527283
85,39,2.5118617551067874
85,13,1.2413636561533776
85,61,8.63882553516241
85,20,7.367219846132912
85,7,6.2993382148885475
85,1,6.521160396902225
85,96,1.7986988140737454
85,32,5.073276506809686
85,62,1.8248998433391472
85,85,8.784010051728705
85,50,5.9458561834162
85,87,4.7105316246092475
85,26,1.1014168745454818
85,17,3.868937481402406
85,27,3.423035639301638
85,3,3.2232340833967195
86,50,3.4585471107881776
98,86,7.321713451766703
86,86,2.472543610513163
86,24,4.017310854329876
86,66,6.739153458704378
86,15,8.51017781541804
86,62,8.138975787030706
86,81,1.538606560731947
86,97,5.284795463643026
86,90,2.2766863079230673
86,40,2.3844108130317796
86,19,8.26399945435589
86,88,8.900275029167478
86,3,1.423437828504347
86,11,4.838615679992579
86,71,8.21415212661443
86,1,2.522742853298907
86,96,4.778508652752061
86,34,8.096027166510268
86,55,1.9974620620232528
86,22,4.867042675266525
86,25,5.567298765206934
86,30,6.215584272692929
86,77,2.4700714706473823
86,42,8.563153697409819
86,91,1.8772901558313526
86,99,6.85727362933422
86,94,3.4616855518439316
86,83,6.463077317061854
86,17,3.960717899192431
86,36,5.867755144975837
86,8,4.512487920057811
87,51,7.49222698635423
95,87,4.579991179163101
87,59,3.4455633524078157
87,89,5.926637729834716
87,56,7.03331364866279
87,2,5.354950165761146
87,95,4.738787990802399
87,21,2.912104449434922
87,93,4.506870796243612
87,5,2.6245972579861334
87,34,8.631909874866498
87,30,5.607717927630415
87,7,9.970503727181004
87,49,5.147886642670306
87,82,2.711641432886255
87,12,3.8834448101412145
87,20,5.13673735640598
87,22,6.269311674656568
87,16,5.946464289472905
87,13,1.8423231726096516
87,63,6.9355576203995515
87,8,7.573505541120479
87,31,2.5941724826591464
87,90,1.96498390071469
87,18,8.832327491329623
87,28,9.171702457459023
87,69,9.48580917746416
87,66,9.090357297564477
87,38,3.2031730227261175
87,77,6.184296785826158
87,88,4.471436204570653
87,3,8.783709713468049
88,82,2.4494469596674344
86,88,2.2740999128747426
88,60,1.9931211149852694
88,79,3.2723803647980274
88,6,7.1347948596743755
88,14,3.2851107210941715
88,23,9.408160448100945
88,10,6.745975045281277
88,5,2.0082943484592093
88,2,9.456349580185206
88,83,2.2017017804012053
88,90,1.6883017249418542
88,20,2.2212269681032053
88,66,7.976641877212632
88,24,4.097973028830475
88,12,4.4077616333496
88,45,1.2414920196574575
88,62,8.115982645844156
88,65,3.2174451162845505
88,47,4.811353498969285
88,33,8.580117501327017
88,80,8.166244621368493
88,16,3.1724656594485325
88,87,1.895143899710003
88,1,7.5633516116573665
88,86,2.1716037026459984
88,48,7.034339081243998
88,93,1.069045580060918
88,81,2.9191857880059953
88,25,3.9772726677895864
88,54,9.1175479577476
88,77,1.8519243173522262
89,77,3.35947846721239
80,89,9.95759072885591
89,82,3.073455294450057
89,64,6.783006753429689
89,65,3.8417127554618444
89,83,6.705424100835532
89,50,1.756099082109301
89,16,1.960979207283669
89,85,4.335110379062564
89,30,7.387220948390173
89,31,7.566874306334906
89,63,8.610695948126832
89,20,3.5431207388492196
89,23,4.042216724484042
89,66,3.2408608450795446
89,98,2.7702344573184767
89,86,1.1732497462684321
89,11,5.746011797110018
89,22,5.787763119772879
89,1,4.385177271129013
89,91,3.5066077736863512
89,34,6.731227280790531
89,62,3.693489056182119
89,19,2.0064817740863448
89,2,9.983419915564907
89,67,1.6825676144765236
89,72,1.4363605749075794
89,81,1.8368273623334384
89,75,1.6589212277622312
89,12,6.5088234800646605
89,37,9.115877382475626
89,6,7.296846437191377
90,96,7.774834993413958
57,90,8.927041670120579
90,35,6.500387242667294
90,98,1.0691054759634309
90,47,7.054783976121266
90,72,3.916611746157753
90,56,7.655659095946919
90,51,4.053710488420624
90,73,5.939533876851772
90,55,9.958458551140886
90,95,5.870893114638799
90,80,2.1803620093801444
90,26,5.246742998704461
90,79,2.224381086289781
90,8,8.915509610256361
90,19,1.363415507914978
90,28,3.302568994134324
90,3,1.057537865373257
90,29,9.782732845620746
90,43,2.129445146149099
90,58,5.039607156436538
90,83,1.8014600236303195
90,60,6.9911885673073915
90,17,7.0354020082497835
90,53,7.448827001628097
90,49,3.2508955998525186
90,48,7.471136023442774
90,85,8.092706044998932
90,20,9.440420326803899
90,94,8.328665029224293
90,25,7.783024545342155
90,78,7.092571575401003
91,21,6.3662668892315315
23,91,9.132544585036218
91,35,8.014297163909976
91,44,5.898937098661908
91,66,2.4022200705671546
91,20,8.064844243264108
91,32,5.011593996083293
91,48,2.4522906959410906
91,29,8.483154621938988
91,21,4.300410928920467
91,38,9.276994454106882
91,4,1.6730257526023022
91,14,9.561176128442929
91,74,5.497404339196183
91,71,2.384681870824128
91,8,5.715059803038269
91,98,3.2220808903579194
91,77,4.139740874575191
91,96,1.9377777558368172
91,53,4.748258637107254
91,78,4.0618952895556095
91,23,3.252439343988181
91,56,3.467401330152914
91,39,6.107936291725067
91,7,6.6360525101092165
91,58,4.826924705231575
91,57,1.0884036695790142
91,50,7.467794509627328
91,64,8.468735449536055
91,33,6.910890605563418
91,75,9.58104684445309
91,59,2.125999244017235
92,61,3.4448084047685223
93,92,2.9116798006534057
92,41,7.6452001229634305
92,23,6.069406159244382
92,92,6.997968193036403
92,45,9.813130676179401
92,53,9.94136385566301
92,86,5.138740207637816
92,71,9.41696410505294
92,90,7.669332446287802
92,84,9.724607032691418
92,33,2.6843210862978966
92,32,1.1838911058388382
92,31,4.874756161299665
92,14,7.634186366578818
92,60,6.250247502172682
92,66,5.930706541106817
92,97,3.622746058257039
92,25,7.796388614670281
92,98,7.670851509422207
92,54,4.065506295819334
92,72,2.1467248820409948
92,77,8.930024881684368
92,56,1.311500530070242
92,59,4.268128505901084
92,34,2.2844223830998187
92,29,2.9116045261968755
92,47,8.76367168656541
92,10,1.970619595796631
92,1,2.0648820085228827
92,69,5.400054395668795
92,40,8.282842477502495
93,71,8.410992392892215
61,93,9.812772177518736
93,24,8.059034801910178
93,67,8.525171286584433
93,79,8.022634617942039
93,55,5.278350663488274
93,77,5.102795655297683
93,71,2.103407248764573
93,30,6.575181728624272
93,64,4.328685995257339
93,65,9.98821835784006
93,18,7.213645139309456
93,57,7.463282381119029
93,74,3.3159580890687534
93,28,5.005084557428093
93,73,6.744984219553936
93,4,5.945811119889903
93,94,1.6993893020068853
93,47,2.3934183848699604
93,15,2.0042902806689886
93,96,6.900210488590739
93,62,9.752199726503472
93,45,3.2057878849617216
93,8,4.157864864915272
93,48,5.028761887457837
93,38,8.406904496842014
93,10,9.782474790795876
93,50,5.347401574263375
93,51,1.2840975077344399
93,31,6.676495006746436
93,34,1.5200335109937724
93,88,1.419900846535278
94,30,7.473880525078801
49,94,1.9629839209983238
94,7,4.45987239451677
94,53,3.2616402485441407
94,3,6.351656932761499
94,29,8.311036735803238
94,43,2.2512154314858086
94,81,3.7748780945699147
94,70,7.669528914931771
94,2,3.2006500007750245
94,57,3.1387090072660593
94,73,2.1565792667533397
94,42,2.4837275885249985
94,33,7.983349196216238
94,9,8.817722713789877
94,99,8.553028138901745
94,85,8.666654488291215
94,65,9.813362159263653
94,39,8.94312833506284
94,69,8.577157022969
94,40,4.676471753036139
94,92,3.305271578749121
94,98,7.80018782693482
94,84,4.91454617443382
94,4,7.317568626491591
94,16,1.2723284652626372
94,83,9.848696426543144
94,47,3.6365019623925945
94,26,2.3292828339343705
94,1,2.6977555471727013
94,63,7.206119920759379
94,61,5.569411825229269
95,28,2.601010666990354
13,95,8.12148086748828
95,85,1.3016593346230203
95,83,4.097086929250596
95,81,9.31217566757202
95,57,3.9097109322476515
95,82,5.552007629240549
95,21,4.763196231248344
95,29,9.622105366543703
95,48,9.585224890834452
95,14,9.062634690164687
95,51,4.247995458421223
95,41,2.6899164571700993
95,87,1.291801277109955
95,90,7.403142113098145
95,42,7.10083212651954
95,94,3.5770975192147336
95,2,2.968177269789015
95,43,5.697330163873571
95,79,4.379633719792571
95,11,9.261014133279458
95,75,4.808594804181343
95,70,6.639304294981134
95,32,1.6560507471969785
95,76,6.18371300360857
95,47,9.457873810116347
95,35,4.750661342226206
95,24,2.311914233041144
95,53,4.744928582917768
95,77,2.4530075439162085
95,40,2.999793111120404
95,89,5.111930563981731
96,23,3.9320025711147637
46,96,3.438835533916827
96,27,6.0587428262274585
96,4,5.192399924630563
96,43,2.619990562837175
96,30,9.258130048957343
96,86,5.749040131604794
96,75,3.1332053999583884
96,58,5.433725975564501
96,8,3.4868343008237677
96,54,2.7013752418159784
96,94,7.589870376273293
96,37,7.946106773052236
96,62,7.727549349381417
96,74,9.875242256832053
96,18,8.938776505869374
96,61,3.916394614237591
96,19,9.815743546730562
96,72,5.209102101010496
96,5,9.38350390510245
96,85,1.681216648448605
96,1,9.203194060783007
96,82,3.720186375514692
96,83,7.173111818588017
96,42,8.061797811905517
96,2,1.6215649435680612
96,51,7.05665416948328
96,81,6.954294150076387
96,80,2.8040815478624035
96,47,1.0973420752271004
96,70,5.972681257975406
96,57,4.251865243525449
97,69,4.772323330249561
70,97,5.2401484557299565
97,96,2.9358241486707612
97,93,7.64278091825862
97,60,9.037232117898194
97,53,5.992201387174095
97,61,6.676207834090816
97,34,8.422526653206074
97,7,4.813330434998749
97,66,4.663488638130013
97,48,1.6503626635996589
97,81,7.3174749434696125
97,35,5.108093249725685
97,77,2.114261707111473
97,33,3.174434392712447
97,84,4.659904041764792
97,22,8.333216699323987
97,67,9.54941724917835
97,0,9.173547988162028
97,56,7.022330566711536
97,45,4.372311548498147
97,9,1.0206740009242554
97,43,6.122117137359491
97,24,9.941453466116563
97,49,2.3552195611481355
97,98,8.350171820323455
97,31,8.369391336567828
97,64,1.3831180624557249
97,23,1.8685925835477395
97,42,1.7866825910465383
97,73,9.263739607360744
97,78,4.649553722998636
98,2,2.0993844479572923
73,98,3.6623310393710087
98,10,4.275123504018353
98,44,1.9348459129841895
98,20,4.819882940377413
98,77,4.588126426111021
98,45,5.84743692095094
98,85,4.586046093911822
98,18,8.765403121839238
98,8,5.11127850398068
98,90,3.621947399219184
98,66,5.6914633289190455
98,22,9.283171692961552
98,36,4.736373958456466
98,99,6.818541784400231
98,11,2.904621194036589
98,28,5.495597567114274
98,94,1.4771003743784863
98,4,7.165929651236235
98,46,2.9793373026521963
98,89,2.7238675665392367
98,93,4.353457795751552
98,12,5.347420661201506
98,42,2.022640324485536
98,96,4.942402564544638
98,67,1.1244448430332614
98,78,5.3062229555276215
98,23,1.5206692009789404
98,31,9.39019911538978
98,0,7.546829710909908
98,82,3.96704905796386
98,57,3.0325201700195628
99,75,9.87808178608737
95,99,4.686597032848096
99,86,8.295665988000165
99,60,7.123983642181702
99,79,1.6112329221054122
99,25,4.642357584140824
99,93,8.363940496949077
99,51,9.443066381033033
99,81,2.5003125318051564
99,22,2.666259359753795
99,5,2.436889383890237
99,48,7.664899872585751
99,91,4.962537794154947
99,32,4.986141985451475
99,98,3.497572478674006
99,20,6.923503464693555
99,64,9.077263502573444
99,17,4.398162098010653
99,13,4.072076700265228
99,26,1.3033922084060572
99,4,7.504554976122324
99,38,8.710968839530057
99,83,1.4316283319129595
99,31,2.876695044530572
99,33,1.273304841898467
99,46,5.0486040028767585
99,6,8.045679136218965
99,41,3.310707736464555
99,59,1.9325162045704734
99,2,9.659298606690449
99,36,7.10094885613845
99,21,3.075867151647997
